channel,num
5b201aae8c320425cce1b95b,5
5b201aae8c320425cce1b999,4
5b201aad8c320425cce1b8e1,4
5b201aae8c320425cce1ba0e,4
5b201aae8c320425cce1b964,4
5b201aae8c320425cce1b972,4
5b201aae8c320425cce1b94f,4
5b201aae8c320425cce1b979,4
5b201aae8c320425cce1b941,3
5b201aae8c320425cce1b977,3
5b201aae8c320425cce1ba4c,3
5b201aae8c320425cce1b931,3
5b201aae8c320425cce1ba15,3
5b201aad8c320425cce1b8ed,3
5b201aae8c320425cce1ba92,3
5b201aae8c320425cce1ba04,3
5b201aae8c320425cce1b927,3
5b201aae8c320425cce1b9f7,3
5b201aae8c320425cce1b97f,3
5b201aad8c320425cce1b907,3
5b201aae8c320425cce1b9ee,2
5b201aae8c320425cce1b9e6,2
5b201aae8c320425cce1ba1b,2
5b201aae8c320425cce1b9c0,2
5b201aae8c320425cce1b997,2
5b201aae8c320425cce1ba65,2
5b201aae8c320425cce1b9be,2
5b201aad8c320425cce1b8e7,2
5b201aae8c320425cce1b9c4,2
5b201aae8c320425cce1ba0d,2
5b201aae8c320425cce1babb,2
5b201aad8c320425cce1b8e9,2
5b201aad8c320425cce1b902,2
5b201aae8c320425cce1baca,2
5b201aae8c320425cce1b9a9,2
5b201aae8c320425cce1b96c,2
5b201aae8c320425cce1b926,2
5b201aae8c320425cce1b980,2
5b201aae8c320425cce1b9fd,2
5b201aae8c320425cce1ba94,2
5b201aae8c320425cce1ba6b,2
5b201aae8c320425cce1b97b,2
5b201aae8c320425cce1b9d6,2
5b201aad8c320425cce1b918,2
5b201aae8c320425cce1bac8,2
5b201aae8c320425cce1b9b7,2
5b201aad8c320425cce1b906,2
5b201aae8c320425cce1b988,2
5b201aae8c320425cce1b948,2
5b201aad8c320425cce1b8e8,2
5b201aae8c320425cce1b9b1,2
5b201aad8c320425cce1b8f5,2
5b201aae8c320425cce1b983,2
5b201aad8c320425cce1b8e6,2
5b201aae8c320425cce1ba2d,2
5b201aae8c320425cce1b9aa,2
5b201aae8c320425cce1ba0a,2
5b201aae8c320425cce1b94c,2
